{"stats":{"minecraft:used":{"minecraft:stone_pickaxe":29,"minecraft:wooden_pickaxe":28,"minecraft:stone_axe":1,"minecraft:torch":4,"minecraft:dirt":5,"minecraft:cobblestone":1,"minecraft:crafting_table":1},"minecraft:picked_up":{"minecraft:crafting_table":1,"minecraft:wooden_pickaxe":1,"pixelmon:aluminium_ingot":2,"minecraft:oak_log":6,"minecraft:dirt":5,"minecraft:wheat_seeds":2,"minecraft:iron_ore":16,"pixelmon:red_pc":1,"minecraft:coal":7,"minecraft:cobblestone":32},"minecraft:crafted":{"minecraft:oak_planks":24,"minecraft:stone_shovel":1,"minecraft:crafting_table":1,"minecraft:stick":12,"minecraft:wooden_pickaxe":1,"minecraft:stone_pickaxe":1,"minecraft:torch":4,"minecraft:stone_axe":1},"minecraft:custom":{"minecraft:time_since_rest":5710,"minecraft:sprint_one_cm":11691,"minecraft:walk_one_cm":5112,"minecraft:drop":5,"minecraft:interact_with_crafting_table":3,"minecraft:fly_one_cm":22759,"minecraft:open_chest":1,"minecraft:crouch_one_cm":7679,"minecraft:play_one_minute":5710,"minecraft:sneak_time":1830,"minecraft:jump":96,"minecraft:time_since_death":5710,"minecraft:walk_on_water_one_cm":260,"minecraft:climb_one_cm":852,"minecraft:fall_one_cm":1318},"minecraft:mined":{"minecraft:iron_ore":16,"minecraft:crafting_table":1,"pixelmon:red_healer":2,"minecraft:grass":2,"minecraft:oak_log":6,"minecraft:grass_block":1,"minecraft:coal_ore":5,"minecraft:dirt":4,"minecraft:stone":32},"minecraft:dropped":{"minecraft:wheat_seeds":2,"minecraft:wooden_pickaxe":2,"minecraft:coal":2}},"DataVersion":2586}