{"stats":{"minecraft:crafted":{"minecraft:oak_planks":12,"minecraft:crafting_table":1,"minecraft:stick":4,"minecraft:wooden_pickaxe":1},"minecraft:used":{"minecraft:crafting_table":1,"minecraft:wooden_pickaxe":14},"minecraft:custom":{"minecraft:time_since_rest":3598,"minecraft:open_chest":3,"minecraft:play_one_minute":3598,"minecraft:crouch_one_cm":1015,"minecraft:sprint_one_cm":3446,"minecraft:walk_one_cm":2240,"minecraft:sneak_time":352,"minecraft:jump":22,"minecraft:leave_game":1,"minecraft:time_since_death":3598,"minecraft:climb_one_cm":1404,"minecraft:interact_with_crafting_table":1,"minecraft:fall_one_cm":480,"minecraft:fly_one_cm":3555},"minecraft:picked_up":{"minecraft:wheat_seeds":1,"minecraft:oak_log":3,"minecraft:dirt":4,"minecraft:cobblestone":14},"minecraft:mined":{"minecraft:grass":1,"minecraft:grass_block":1,"minecraft:oak_log":3,"minecraft:dirt":3,"minecraft:stone":14}},"DataVersion":2586}